PRAGMA foreign_keys=OFF;
BEGIN TRANSACTION;
CREATE TABLE IF NOT EXISTS "django_migrations" ("id" integer NOT NULL PRIMARY KEY AUTOINCREMENT, "app" varchar(255) NOT NULL, "name" varchar(255) NOT NULL, "applied" datetime NOT NULL);
INSERT INTO django_migrations VALUES(1,'contenttypes','0001_initial','2024-03-27 13:17:26.332665');
INSERT INTO django_migrations VALUES(2,'auth','0001_initial','2024-03-27 13:17:26.353507');
INSERT INTO django_migrations VALUES(3,'admin','0001_initial','2024-03-27 13:17:26.369193');
INSERT INTO django_migrations VALUES(4,'admin','0002_logentry_remove_auto_add','2024-03-27 13:17:26.383185');
INSERT INTO django_migrations VALUES(5,'admin','0003_logentry_add_action_flag_choices','2024-03-27 13:17:26.391012');
INSERT INTO django_migrations VALUES(6,'contenttypes','0002_remove_content_type_name','2024-03-27 13:17:26.412854');
INSERT INTO django_migrations VALUES(7,'auth','0002_alter_permission_name_max_length','2024-03-27 13:17:26.425360');
INSERT INTO django_migrations VALUES(8,'auth','0003_alter_user_email_max_length','2024-03-27 13:17:26.437361');
INSERT INTO django_migrations VALUES(9,'auth','0004_alter_user_username_opts','2024-03-27 13:17:26.447422');
INSERT INTO django_migrations VALUES(10,'auth','0005_alter_user_last_login_null','2024-03-27 13:17:26.459318');
INSERT INTO django_migrations VALUES(11,'auth','0006_require_contenttypes_0002','2024-03-27 13:17:26.463449');
INSERT INTO django_migrations VALUES(12,'auth','0007_alter_validators_add_error_messages','2024-03-27 13:17:26.471415');
INSERT INTO django_migrations VALUES(13,'auth','0008_alter_user_username_max_length','2024-03-27 13:17:26.484548');
INSERT INTO django_migrations VALUES(14,'auth','0009_alter_user_last_name_max_length','2024-03-27 13:17:26.499819');
INSERT INTO django_migrations VALUES(15,'auth','0010_alter_group_name_max_length','2024-03-27 13:17:26.512458');
INSERT INTO django_migrations VALUES(16,'auth','0011_update_proxy_permissions','2024-03-27 13:17:26.521285');
INSERT INTO django_migrations VALUES(17,'auth','0012_alter_user_first_name_max_length','2024-03-27 13:17:26.534019');
INSERT INTO django_migrations VALUES(18,'sessions','0001_initial','2024-03-27 13:17:26.544425');
INSERT INTO django_migrations VALUES(19,'reg','0001_initial','2024-03-27 13:19:12.800235');
INSERT INTO django_migrations VALUES(20,'reg','0002_auto_20240408_1342','2024-04-09 07:33:32.495103');
INSERT INTO django_migrations VALUES(21,'reg','0003_alter_issue_issue_type','2024-04-09 09:43:28.387899');
INSERT INTO django_migrations VALUES(22,'homeoffice','0001_initial','2024-04-09 14:42:34.009427');
INSERT INTO django_migrations VALUES(23,'reg','0004_alter_issue_created_by_alter_issuecomment_created_by_and_more','2024-04-09 14:42:34.047133');
INSERT INTO django_migrations VALUES(24,'homeoffice','0002_alter_absencetype_description_alter_dates_created_and_more','2024-04-09 14:57:36.250176');
INSERT INTO django_migrations VALUES(25,'homeoffice','0003_alter_employee_employee_absence_group_link','2024-04-10 06:57:14.266111');
INSERT INTO django_migrations VALUES(26,'homeoffice','0004_alter_dates_created_by_and_more','2024-04-10 07:03:50.187791');
INSERT INTO django_migrations VALUES(27,'homeoffice','0005_alter_employee_employee_absence_group_link','2024-04-10 07:05:18.634031');
INSERT INTO django_migrations VALUES(28,'homeoffice','0006_alter_employee_user_link_absenceevent_delete_dates','2024-04-10 14:40:12.608841');
CREATE TABLE IF NOT EXISTS "auth_group_permissions" ("id" integer NOT NULL PRIMARY KEY AUTOINCREMENT, "group_id" integer NOT NULL REFERENCES "auth_group" ("id") DEFERRABLE INITIALLY DEFERRED, "permission_id" integer NOT NULL REFERENCES "auth_permission" ("id") DEFERRABLE INITIALLY DEFERRED);
INSERT INTO auth_group_permissions VALUES(1,5,1);
INSERT INTO auth_group_permissions VALUES(2,5,5);
INSERT INTO auth_group_permissions VALUES(3,6,1);
INSERT INTO auth_group_permissions VALUES(4,6,4);
INSERT INTO auth_group_permissions VALUES(5,6,5);
INSERT INTO auth_group_permissions VALUES(6,6,8);
INSERT INTO auth_group_permissions VALUES(7,6,9);
INSERT INTO auth_group_permissions VALUES(8,6,12);
INSERT INTO auth_group_permissions VALUES(9,7,1);
INSERT INTO auth_group_permissions VALUES(10,7,2);
INSERT INTO auth_group_permissions VALUES(11,7,4);
INSERT INTO auth_group_permissions VALUES(12,7,5);
INSERT INTO auth_group_permissions VALUES(13,7,8);
INSERT INTO auth_group_permissions VALUES(14,7,9);
INSERT INTO auth_group_permissions VALUES(15,7,12);
INSERT INTO auth_group_permissions VALUES(16,8,1);
INSERT INTO auth_group_permissions VALUES(17,8,2);
INSERT INTO auth_group_permissions VALUES(18,8,3);
INSERT INTO auth_group_permissions VALUES(19,8,4);
INSERT INTO auth_group_permissions VALUES(20,8,5);
INSERT INTO auth_group_permissions VALUES(21,8,7);
INSERT INTO auth_group_permissions VALUES(22,8,8);
INSERT INTO auth_group_permissions VALUES(23,8,9);
INSERT INTO auth_group_permissions VALUES(24,8,11);
INSERT INTO auth_group_permissions VALUES(25,8,12);
CREATE TABLE IF NOT EXISTS "auth_user_groups" ("id" integer NOT NULL PRIMARY KEY AUTOINCREMENT, "user_id" integer NOT NULL REFERENCES "auth_user" ("id") DEFERRABLE INITIALLY DEFERRED, "group_id" integer NOT NULL REFERENCES "auth_group" ("id") DEFERRABLE INITIALLY DEFERRED);
INSERT INTO auth_user_groups VALUES(3,3,6);
INSERT INTO auth_user_groups VALUES(4,2,5);
INSERT INTO auth_user_groups VALUES(5,5,8);
INSERT INTO auth_user_groups VALUES(6,4,7);
CREATE TABLE IF NOT EXISTS "auth_user_user_permissions" ("id" integer NOT NULL PRIMARY KEY AUTOINCREMENT, "user_id" integer NOT NULL REFERENCES "auth_user" ("id") DEFERRABLE INITIALLY DEFERRED, "permission_id" integer NOT NULL REFERENCES "auth_permission" ("id") DEFERRABLE INITIALLY DEFERRED);
CREATE TABLE IF NOT EXISTS "django_admin_log" ("id" integer NOT NULL PRIMARY KEY AUTOINCREMENT, "object_id" text NULL, "object_repr" varchar(200) NOT NULL, "action_flag" smallint unsigned NOT NULL CHECK ("action_flag" >= 0), "change_message" text NOT NULL, "content_type_id" integer NULL REFERENCES "django_content_type" ("id") DEFERRABLE INITIALLY DEFERRED, "user_id" integer NOT NULL REFERENCES "auth_user" ("id") DEFERRABLE INITIALLY DEFERRED, "action_time" datetime NOT NULL);
INSERT INTO django_admin_log VALUES(1,'1','kostya',2,'[{"changed": {"fields": ["First name", "Last name"]}}]',7,1,'2024-03-27 15:39:04.178128');
INSERT INTO django_admin_log VALUES(2,'1','add_issues',3,'',6,1,'2024-04-09 07:36:34.767005');
INSERT INTO django_admin_log VALUES(3,'4','delete_issues',3,'',6,1,'2024-04-09 07:36:34.770599');
INSERT INTO django_admin_log VALUES(4,'3','edit_issues',3,'',6,1,'2024-04-09 07:36:34.774244');
INSERT INTO django_admin_log VALUES(5,'2','view_issues',3,'',6,1,'2024-04-09 07:36:34.777708');
INSERT INTO django_admin_log VALUES(6,'2','test',1,'[{"added": {}}]',7,1,'2024-04-09 07:40:43.051798');
INSERT INTO django_admin_log VALUES(7,'2','test',2,'[{"changed": {"fields": ["Groups"]}}]',7,1,'2024-04-09 07:41:05.846190');
INSERT INTO django_admin_log VALUES(8,'2','test',2,'[{"changed": {"fields": ["Groups"]}}]',7,1,'2024-04-09 07:47:19.626174');
INSERT INTO django_admin_log VALUES(9,'3','test_view',1,'[{"added": {}}]',7,1,'2024-04-09 07:48:56.470229');
INSERT INTO django_admin_log VALUES(10,'3','test_view',2,'[{"changed": {"fields": ["Groups"]}}]',7,1,'2024-04-09 07:49:03.246033');
INSERT INTO django_admin_log VALUES(11,'4','test_edit',1,'[{"added": {}}]',7,1,'2024-04-09 07:49:16.078468');
INSERT INTO django_admin_log VALUES(12,'5','test_delete',1,'[{"added": {}}]',7,1,'2024-04-09 07:49:27.978540');
INSERT INTO django_admin_log VALUES(13,'2','test',2,'[{"changed": {"fields": ["Groups"]}}]',7,1,'2024-04-09 07:49:39.557274');
INSERT INTO django_admin_log VALUES(14,'5','test_delete',2,'[{"changed": {"fields": ["Groups"]}}]',7,1,'2024-04-09 07:50:08.283207');
INSERT INTO django_admin_log VALUES(15,'4','test_edit',2,'[{"changed": {"fields": ["Groups"]}}]',7,1,'2024-04-09 07:50:18.879160');
INSERT INTO django_admin_log VALUES(16,'1','EmployeeAbsenceGroup object (1)',1,'[{"added": {}}]',14,1,'2024-04-09 15:01:27.479460');
INSERT INTO django_admin_log VALUES(17,'2','EmployeeAbsenceGroup object (2)',1,'[{"added": {}}]',14,1,'2024-04-09 15:03:01.272724');
INSERT INTO django_admin_log VALUES(18,'1','EmployeeAbsenceGroup object (1)',2,'[{"changed": {"fields": ["Description"]}}]',14,1,'2024-04-09 15:03:09.825215');
INSERT INTO django_admin_log VALUES(19,'1','EmployeeGroup object (1)',1,'[{"added": {}}]',15,1,'2024-04-09 15:03:38.246322');
INSERT INTO django_admin_log VALUES(20,'2','EmployeeGroup object (2)',1,'[{"added": {}}]',15,1,'2024-04-09 15:03:47.071800');
INSERT INTO django_admin_log VALUES(21,'1','Holiday',1,'[{"added": {}}]',11,1,'2024-04-10 06:44:59.188612');
INSERT INTO django_admin_log VALUES(22,'1','Homeoffice',1,'[{"added": {}}]',10,1,'2024-04-10 06:50:46.666465');
INSERT INTO django_admin_log VALUES(23,'2','Dienstreise',1,'[{"added": {}}]',10,1,'2024-04-10 06:51:23.714697');
INSERT INTO django_admin_log VALUES(24,'3','Urlaub',1,'[{"added": {}}]',10,1,'2024-04-10 06:51:58.356692');
INSERT INTO django_admin_log VALUES(25,'4','Schulung',1,'[{"added": {}}]',10,1,'2024-04-10 06:52:25.737867');
INSERT INTO django_admin_log VALUES(26,'5','Krank',1,'[{"added": {}}]',10,1,'2024-04-10 06:53:14.105633');
INSERT INTO django_admin_log VALUES(27,'6','GZ',1,'[{"added": {}}]',10,1,'2024-04-10 06:53:58.370704');
INSERT INTO django_admin_log VALUES(28,'7','AZK',1,'[{"added": {}}]',10,1,'2024-04-10 06:54:19.142165');
INSERT INTO django_admin_log VALUES(29,'5','K',2,'[{"changed": {"fields": ["Name"]}}]',10,1,'2024-04-10 06:54:26.440851');
INSERT INTO django_admin_log VALUES(30,'4','S',2,'[{"changed": {"fields": ["Name"]}}]',10,1,'2024-04-10 06:54:31.316300');
INSERT INTO django_admin_log VALUES(31,'3','U',2,'[{"changed": {"fields": ["Name"]}}]',10,1,'2024-04-10 06:54:36.301039');
INSERT INTO django_admin_log VALUES(32,'2','D',2,'[{"changed": {"fields": ["Name"]}}]',10,1,'2024-04-10 06:54:40.616359');
INSERT INTO django_admin_log VALUES(33,'1','H',2,'[{"changed": {"fields": ["Name"]}}]',10,1,'2024-04-10 06:54:45.187743');
INSERT INTO django_admin_log VALUES(34,'1','1',1,'[{"added": {}}]',12,1,'2024-04-10 07:07:43.950057');
INSERT INTO django_admin_log VALUES(35,'2','2',1,'[{"added": {}}]',12,1,'2024-04-10 07:08:16.017591');
INSERT INTO django_admin_log VALUES(36,'3','3',1,'[{"added": {}}]',12,1,'2024-04-10 07:08:27.065421');
INSERT INTO django_admin_log VALUES(37,'2','test',2,'[{"changed": {"fields": ["First name", "Last name"]}}]',7,1,'2024-04-10 09:30:31.240457');
INSERT INTO django_admin_log VALUES(38,'3','test_view',2,'[{"changed": {"fields": ["First name", "Last name"]}}]',7,1,'2024-04-10 09:30:41.465489');
INSERT INTO django_admin_log VALUES(39,'5','test_delete',2,'[{"changed": {"fields": ["First name", "Last name"]}}]',7,1,'2024-04-10 09:30:50.935150');
INSERT INTO django_admin_log VALUES(40,'4','test_edit',2,'[{"changed": {"fields": ["First name", "Last name"]}}]',7,1,'2024-04-10 09:30:59.567919');
INSERT INTO django_admin_log VALUES(41,'3','3',3,'',12,1,'2024-04-11 07:21:18.528946');
INSERT INTO django_admin_log VALUES(42,'2','2',3,'',12,1,'2024-04-11 07:21:18.539070');
INSERT INTO django_admin_log VALUES(43,'1','1',3,'',12,1,'2024-04-11 07:21:18.543805');
INSERT INTO django_admin_log VALUES(44,'4','4',1,'[{"added": {}}]',12,1,'2024-04-11 07:21:26.181098');
INSERT INTO django_admin_log VALUES(45,'5','5',1,'[{"added": {}}]',12,1,'2024-04-11 07:22:46.589494');
INSERT INTO django_admin_log VALUES(46,'5','5',3,'',12,1,'2024-04-11 07:23:04.495553');
INSERT INTO django_admin_log VALUES(47,'4','4',3,'',12,1,'2024-04-11 07:23:04.498996');
CREATE TABLE IF NOT EXISTS "django_content_type" ("id" integer NOT NULL PRIMARY KEY AUTOINCREMENT, "app_label" varchar(100) NOT NULL, "model" varchar(100) NOT NULL);
INSERT INTO django_content_type VALUES(1,'reg','issue');
INSERT INTO django_content_type VALUES(2,'reg','issuepic');
INSERT INTO django_content_type VALUES(3,'reg','issuecomment');
INSERT INTO django_content_type VALUES(4,'admin','logentry');
INSERT INTO django_content_type VALUES(5,'auth','permission');
INSERT INTO django_content_type VALUES(6,'auth','group');
INSERT INTO django_content_type VALUES(7,'auth','user');
INSERT INTO django_content_type VALUES(8,'contenttypes','contenttype');
INSERT INTO django_content_type VALUES(9,'sessions','session');
INSERT INTO django_content_type VALUES(10,'homeoffice','absencetype');
INSERT INTO django_content_type VALUES(11,'homeoffice','holidaytype');
INSERT INTO django_content_type VALUES(12,'homeoffice','employee');
INSERT INTO django_content_type VALUES(13,'homeoffice','dates');
INSERT INTO django_content_type VALUES(14,'homeoffice','employeeabsencegroup');
INSERT INTO django_content_type VALUES(15,'homeoffice','employeegroup');
INSERT INTO django_content_type VALUES(16,'homeoffice','absenceevent');
CREATE TABLE IF NOT EXISTS "auth_permission" ("id" integer NOT NULL PRIMARY KEY AUTOINCREMENT, "content_type_id" integer NOT NULL REFERENCES "django_content_type" ("id") DEFERRABLE INITIALLY DEFERRED, "codename" varchar(100) NOT NULL, "name" varchar(255) NOT NULL);
INSERT INTO auth_permission VALUES(1,1,'add_issue','Can add issue');
INSERT INTO auth_permission VALUES(2,1,'change_issue','Can change issue');
INSERT INTO auth_permission VALUES(3,1,'delete_issue','Can delete issue');
INSERT INTO auth_permission VALUES(4,1,'view_issue','Can view issue');
INSERT INTO auth_permission VALUES(5,2,'add_issuepic','Can add issue pic');
INSERT INTO auth_permission VALUES(6,2,'change_issuepic','Can change issue pic');
INSERT INTO auth_permission VALUES(7,2,'delete_issuepic','Can delete issue pic');
INSERT INTO auth_permission VALUES(8,2,'view_issuepic','Can view issue pic');
INSERT INTO auth_permission VALUES(9,3,'add_issuecomment','Can add issue comment');
INSERT INTO auth_permission VALUES(10,3,'change_issuecomment','Can change issue comment');
INSERT INTO auth_permission VALUES(11,3,'delete_issuecomment','Can delete issue comment');
INSERT INTO auth_permission VALUES(12,3,'view_issuecomment','Can view issue comment');
INSERT INTO auth_permission VALUES(13,4,'add_logentry','Can add log entry');
INSERT INTO auth_permission VALUES(14,4,'change_logentry','Can change log entry');
INSERT INTO auth_permission VALUES(15,4,'delete_logentry','Can delete log entry');
INSERT INTO auth_permission VALUES(16,4,'view_logentry','Can view log entry');
INSERT INTO auth_permission VALUES(17,5,'add_permission','Can add permission');
INSERT INTO auth_permission VALUES(18,5,'change_permission','Can change permission');
INSERT INTO auth_permission VALUES(19,5,'delete_permission','Can delete permission');
INSERT INTO auth_permission VALUES(20,5,'view_permission','Can view permission');
INSERT INTO auth_permission VALUES(21,6,'add_group','Can add group');
INSERT INTO auth_permission VALUES(22,6,'change_group','Can change group');
INSERT INTO auth_permission VALUES(23,6,'delete_group','Can delete group');
INSERT INTO auth_permission VALUES(24,6,'view_group','Can view group');
INSERT INTO auth_permission VALUES(25,7,'add_user','Can add user');
INSERT INTO auth_permission VALUES(26,7,'change_user','Can change user');
INSERT INTO auth_permission VALUES(27,7,'delete_user','Can delete user');
INSERT INTO auth_permission VALUES(28,7,'view_user','Can view user');
INSERT INTO auth_permission VALUES(29,8,'add_contenttype','Can add content type');
INSERT INTO auth_permission VALUES(30,8,'change_contenttype','Can change content type');
INSERT INTO auth_permission VALUES(31,8,'delete_contenttype','Can delete content type');
INSERT INTO auth_permission VALUES(32,8,'view_contenttype','Can view content type');
INSERT INTO auth_permission VALUES(33,9,'add_session','Can add session');
INSERT INTO auth_permission VALUES(34,9,'change_session','Can change session');
INSERT INTO auth_permission VALUES(35,9,'delete_session','Can delete session');
INSERT INTO auth_permission VALUES(36,9,'view_session','Can view session');
INSERT INTO auth_permission VALUES(37,10,'add_absencetype','Can add absence type');
INSERT INTO auth_permission VALUES(38,10,'change_absencetype','Can change absence type');
INSERT INTO auth_permission VALUES(39,10,'delete_absencetype','Can delete absence type');
INSERT INTO auth_permission VALUES(40,10,'view_absencetype','Can view absence type');
INSERT INTO auth_permission VALUES(41,11,'add_holidaytype','Can add holiday type');
INSERT INTO auth_permission VALUES(42,11,'change_holidaytype','Can change holiday type');
INSERT INTO auth_permission VALUES(43,11,'delete_holidaytype','Can delete holiday type');
INSERT INTO auth_permission VALUES(44,11,'view_holidaytype','Can view holiday type');
INSERT INTO auth_permission VALUES(45,12,'add_employee','Can add employee');
INSERT INTO auth_permission VALUES(46,12,'change_employee','Can change employee');
INSERT INTO auth_permission VALUES(47,12,'delete_employee','Can delete employee');
INSERT INTO auth_permission VALUES(48,12,'view_employee','Can view employee');
INSERT INTO auth_permission VALUES(49,13,'add_dates','Can add dates');
INSERT INTO auth_permission VALUES(50,13,'change_dates','Can change dates');
INSERT INTO auth_permission VALUES(51,13,'delete_dates','Can delete dates');
INSERT INTO auth_permission VALUES(52,13,'view_dates','Can view dates');
INSERT INTO auth_permission VALUES(53,14,'add_employeeabsencegroup','Can add employee absence group');
INSERT INTO auth_permission VALUES(54,14,'change_employeeabsencegroup','Can change employee absence group');
INSERT INTO auth_permission VALUES(55,14,'delete_employeeabsencegroup','Can delete employee absence group');
INSERT INTO auth_permission VALUES(56,14,'view_employeeabsencegroup','Can view employee absence group');
INSERT INTO auth_permission VALUES(57,15,'add_employeegroup','Can add employee group');
INSERT INTO auth_permission VALUES(58,15,'change_employeegroup','Can change employee group');
INSERT INTO auth_permission VALUES(59,15,'delete_employeegroup','Can delete employee group');
INSERT INTO auth_permission VALUES(60,15,'view_employeegroup','Can view employee group');
INSERT INTO auth_permission VALUES(61,16,'add_absenceevent','Can add absence event');
INSERT INTO auth_permission VALUES(62,16,'change_absenceevent','Can change absence event');
INSERT INTO auth_permission VALUES(63,16,'delete_absenceevent','Can delete absence event');
INSERT INTO auth_permission VALUES(64,16,'view_absenceevent','Can view absence event');
CREATE TABLE IF NOT EXISTS "auth_group" ("id" integer NOT NULL PRIMARY KEY AUTOINCREMENT, "name" varchar(150) NOT NULL UNIQUE);
INSERT INTO auth_group VALUES(5,'Add issues and pics');
INSERT INTO auth_group VALUES(6,'View issues and pics, add comments');
INSERT INTO auth_group VALUES(7,'Edit issues');
INSERT INTO auth_group VALUES(8,'Delete issues, pics, comments');
CREATE TABLE IF NOT EXISTS "auth_user" ("id" integer NOT NULL PRIMARY KEY AUTOINCREMENT, "password" varchar(128) NOT NULL, "last_login" datetime NULL, "is_superuser" bool NOT NULL, "username" varchar(150) NOT NULL UNIQUE, "last_name" varchar(150) NOT NULL, "email" varchar(254) NOT NULL, "is_staff" bool NOT NULL, "is_active" bool NOT NULL, "date_joined" datetime NOT NULL, "first_name" varchar(150) NOT NULL);
INSERT INTO auth_user VALUES(1,'pbkdf2_sha256$720000$JP5CZWCWhEhCyP6BUIWUVF$LWqoCuHh40mMIiS05f4Xi4ahJZi3Jghhj8DHS9YZe+M=','2024-04-10 14:49:09.368243',1,'kostya','Ho','ikostas2@gmail.com',1,1,'2024-03-27 13:19:46','Ko');
INSERT INTO auth_user VALUES(2,'pbkdf2_sha256$720000$ZxsZSKwoEWxZIYjkJuPiVw$GhvdQAfrei3B9LLRl+c/gev6Rt1tmiOaFefQzc9TiJ4=','2024-04-10 13:46:19.509063',0,'test','Hi','',0,1,'2024-04-09 07:40:42','Ki');
INSERT INTO auth_user VALUES(3,'pbkdf2_sha256$720000$uD0T7LYFaW0yxpjKwbq5dR$Q2a9PrJw+5tFi2toog9nYo1zVBZYmsyPR+QOT3VSEKA=','2024-04-09 11:09:51',0,'test_view','Hu','',0,1,'2024-04-09 07:48:55','Ku');
INSERT INTO auth_user VALUES(4,'pbkdf2_sha256$720000$VswfZKHT9cKfpWk98eVNdJ$v9tnBrkkpcMQL10oCvM+8Tm3XSzVk5Rp1V7gdDOOY3k=','2024-04-09 11:10:16',0,'test_edit','He','',0,1,'2024-04-09 07:49:15','Ke');
INSERT INTO auth_user VALUES(5,'pbkdf2_sha256$720000$77yuwibIMPApkzyeeBAQTE$JyeW78d5Z6i+cSmJAtQ27Gxs8H23auK+Cau29eQgpu4=','2024-04-09 08:47:56',0,'test_delete','Ha','',0,1,'2024-04-09 07:49:27','Ka');
CREATE TABLE IF NOT EXISTS "django_session" ("session_key" varchar(40) NOT NULL PRIMARY KEY, "session_data" text NOT NULL, "expire_date" datetime NOT NULL);
INSERT INTO django_session VALUES('rayk9m21wcv0jtossab6e4irwky6ey6u','.eJxVjDsOwjAQBe_iGlnxZ41DSZ8zRLveNQ4gW8qnQtwdIqWA9s3Me6kRt7WM2yLzOLG6KKNOvxthekjdAd-x3ppOra7zRHpX9EEXPTSW5_Vw_w4KLuVbUyJxLLmzZDJGimBs8mDRRTHcd51j7yD1DBA44ZkDeZEQDQj0lrN6fwAF8TiN:1rsOd1:FxJSrkc3_12jYb3ri_4LtA52ou6BiKorI5X2UtE_qII','2024-04-18 15:03:47.750619');
INSERT INTO django_session VALUES('qp2h6wwberlcbvo1fpl794l2xd92tnik','.eJxVjDsOwjAQBe_iGlnxZ41DSZ8zRLveNQ4gW8qnQtwdIqWA9s3Me6kRt7WM2yLzOLG6KKNOvxthekjdAd-x3ppOra7zRHpX9EEXPTSW5_Vw_w4KLuVbUyJxLLmzZDJGimBs8mDRRTHcd51j7yD1DBA44ZkDeZEQDQj0lrN6fwAF8TiN:1ruZG9:_Axvkvaoqat9acL4WJuefgRPXH6AhLeogzwuKcRWonQ','2024-04-24 14:49:09.372914');
CREATE TABLE IF NOT EXISTS "reg_issue" ("id" integer NOT NULL PRIMARY KEY AUTOINCREMENT, "name" varchar(120) NOT NULL, "date" date NOT NULL, "project" varchar(120) NOT NULL, "description" text NOT NULL, "created" datetime NOT NULL, "status" varchar(20) NOT NULL, "issue_type" varchar(25) NOT NULL, "created_by_id" integer NOT NULL REFERENCES "auth_user" ("id") DEFERRABLE INITIALLY DEFERRED);
INSERT INTO reg_issue VALUES(4,'sdfds','2024-03-27','None','wetgweg','2024-03-27 15:23:48.610012','closed','suggest',1);
INSERT INTO reg_issue VALUES(7,'sdfd','2024-04-02','None','sdfdsf dfgfdg','2024-04-02 09:04:16.808112','closed','suggest',1);
INSERT INTO reg_issue VALUES(8,'edfg','2024-04-02','None','e rg','2024-04-02 09:04:45.550328','closed','suggest',1);
INSERT INTO reg_issue VALUES(10,'hgjhg','2024-04-04','None','gjtyj','2024-04-04 09:43:19.853110','closed','suggest',1);
INSERT INTO reg_issue VALUES(12,'fgh','2024-04-04','None','fghfgh','2024-04-04 09:44:26.105997','open','suggest',1);
INSERT INTO reg_issue VALUES(14,'rthth','2024-04-12','None','rtjhtrj','2024-04-04 11:48:26.428984','closed','danger',1);
INSERT INTO reg_issue VALUES(15,'rtht','2024-04-11','None','rtrrrr','2024-04-04 11:48:37.954042','closed','danger',1);
INSERT INTO reg_issue VALUES(16,'gg','2024-04-04','None','gg','2024-04-04 11:48:47.911712','open','suggest',1);
INSERT INTO reg_issue VALUES(17,'ff','2024-04-04','None','ff','2024-04-04 11:48:55.157443','open','suggest',1);
INSERT INTO reg_issue VALUES(18,'ffff','2024-04-10','gg','ggfff','2024-04-04 11:49:11.901643','closed','defect',1);
INSERT INTO reg_issue VALUES(20,'33','2024-04-17','ddd','ddd','2024-04-04 14:29:37.251442','closed','defect',1);
INSERT INTO reg_issue VALUES(21,'dd','2024-04-11','None','ddd','2024-04-04 14:31:39.191973','open','danger',1);
INSERT INTO reg_issue VALUES(22,'sdds','2024-04-04','None','sdf','2024-04-04 14:32:32.481186','open','suggest',1);
INSERT INTO reg_issue VALUES(23,'sdf','2024-04-04','None','sdf','2024-04-04 14:33:46.673320','open','suggest',1);
INSERT INTO reg_issue VALUES(24,'ff','2024-04-04','None','ff','2024-04-04 14:34:56.701103','open','suggest',1);
INSERT INTO reg_issue VALUES(25,'sd','2024-04-03','None','ddd','2024-04-04 14:49:09.703075','open','danger',1);
INSERT INTO reg_issue VALUES(26,'sd','2024-04-04','None','asd','2024-04-04 14:53:23.178106','open','danger',1);
INSERT INTO reg_issue VALUES(27,'ee','2024-04-04','None','fffe','2024-04-04 15:04:04.633221','open','suggest',1);
INSERT INTO reg_issue VALUES(28,'234','2024-04-17','None','dssdf','2024-04-04 15:04:43.295726','open','danger',1);
INSERT INTO reg_issue VALUES(29,'sdf','2024-04-04','None','sdf','2024-04-04 15:05:24.939438','open','suggest',1);
INSERT INTO reg_issue VALUES(30,'df','2024-04-09','None','ddd','2024-04-04 15:05:58.225465','open','danger',1);
INSERT INTO reg_issue VALUES(31,'dd','2024-04-05','None','dsdf','2024-04-04 15:06:18.347292','open','danger',1);
INSERT INTO reg_issue VALUES(32,'dfd','2024-04-18','ss','ss dfgdfg sdddf','2024-04-05 07:32:39.531786','open','defect',1);
INSERT INTO reg_issue VALUES(33,'weew','2024-04-10','dd','ddsd','2024-04-05 14:02:07.884252','open','defect',1);
INSERT INTO reg_issue VALUES(34,'sddsf','2024-04-05','None','wegweg','2024-04-05 14:02:16.918714','open','suggest',1);
INSERT INTO reg_issue VALUES(35,'dssdf','2024-04-10','None','sdfdsf','2024-04-05 14:02:37.176436','open','danger',1);
INSERT INTO reg_issue VALUES(36,'ee','2024-04-11','df','sdf','2024-04-09 07:44:35.737250','open','defect',2);
INSERT INTO reg_issue VALUES(37,'fg','2024-04-09','None','ere','2024-04-09 07:44:44.315856','open','suggest',2);
INSERT INTO reg_issue VALUES(38,'ffgfg','2024-04-12','None','dffd','2024-04-09 07:44:54.410251','open','danger',2);
INSERT INTO reg_issue VALUES(39,'dfgdf','2024-04-11','sdf','sdfdsf','2024-04-09 08:43:56.092347','open','defect',1);
INSERT INTO reg_issue VALUES(40,'sdfsd','2024-04-11','dfdf','sdf','2024-04-09 08:46:27.029233','open','defect',2);
INSERT INTO reg_issue VALUES(41,'sdf','2024-04-04','sef','sdf','2024-04-09 09:41:14.294565','open','defect',1);
INSERT INTO reg_issue VALUES(42,'345435','2024-04-18','rgrg','fgfg','2024-04-09 11:06:18.036488','open','defect',1);
CREATE TABLE IF NOT EXISTS "reg_issuecomment" ("id" integer NOT NULL PRIMARY KEY AUTOINCREMENT, "comment" text NOT NULL, "created" datetime NOT NULL, "created_by_id" integer NOT NULL REFERENCES "auth_user" ("id") DEFERRABLE INITIALLY DEFERRED, "issue_id" bigint NOT NULL REFERENCES "reg_issue" ("id") DEFERRABLE INITIALLY DEFERRED);
INSERT INTO reg_issuecomment VALUES(24,'sdf','2024-04-04 08:37:24.575843',1,4);
INSERT INTO reg_issuecomment VALUES(25,'ghfhgk','2024-04-04 08:37:28.726385',1,4);
INSERT INTO reg_issuecomment VALUES(26,'ytjdytj','2024-04-04 08:37:32.174120',1,4);
INSERT INTO reg_issuecomment VALUES(27,'gfjfgj','2024-04-04 09:44:50.026635',1,4);
INSERT INTO reg_issuecomment VALUES(28,replace(replace('dktyk\r\nghjhgj','\r',char(13)),'\n',char(10)),'2024-04-04 09:44:55.906863',1,4);
INSERT INTO reg_issuecomment VALUES(32,'trhrt','2024-04-09 07:51:52.834717',3,7);
INSERT INTO reg_issuecomment VALUES(35,'weeww','2024-04-09 07:54:09.201921',5,14);
INSERT INTO reg_issuecomment VALUES(41,'dfhdf','2024-04-09 08:45:13.999839',1,18);
INSERT INTO reg_issuecomment VALUES(45,'sdfsdf','2024-04-09 11:09:59.760627',3,18);
CREATE TABLE IF NOT EXISTS "reg_issuepic" ("id" integer NOT NULL PRIMARY KEY AUTOINCREMENT, "pic" varchar(100) NOT NULL, "issue_id" bigint NOT NULL REFERENCES "reg_issue" ("id") DEFERRABLE INITIALLY DEFERRED);
INSERT INTO reg_issuepic VALUES(5,'issues/QRCode_for_Verbesserung_Briefkasten_9ggWV9R.png',4);
INSERT INTO reg_issuepic VALUES(9,'issues/QRCode_for_Verbesserung_Briefkasten_s0GU8OJ.png',7);
INSERT INTO reg_issuepic VALUES(10,'issues/QRCode_for_Vorschläge_zum_3D-Druck_Sw0cHN9.png',7);
INSERT INTO reg_issuepic VALUES(11,'issues/Form_vHhyiHp.png',8);
INSERT INTO reg_issuepic VALUES(13,'issues/Form_htIP62R.png',10);
INSERT INTO reg_issuepic VALUES(17,'issues/Form_HQbf9sM.png',14);
INSERT INTO reg_issuepic VALUES(18,'issues/Form_lr9QvJY.png',15);
INSERT INTO reg_issuepic VALUES(19,'issues/Form_fXxYPA2.png',16);
INSERT INTO reg_issuepic VALUES(20,'issues/Form_PbuS9fU.png',17);
INSERT INTO reg_issuepic VALUES(23,'issues/Form_0iD6JYR.png',20);
INSERT INTO reg_issuepic VALUES(24,'issues/Form_6KBIeri.png',21);
INSERT INTO reg_issuepic VALUES(25,'issues/Form_CKcADyA.png',22);
INSERT INTO reg_issuepic VALUES(26,'issues/Form_zHhIej2.png',23);
INSERT INTO reg_issuepic VALUES(27,'issues/Form_Gjuj0pw.png',24);
INSERT INTO reg_issuepic VALUES(28,'issues/Form_FYRvYD9.png',25);
INSERT INTO reg_issuepic VALUES(29,'issues/Form_7KdJ2VS.png',26);
INSERT INTO reg_issuepic VALUES(30,'issues/Form_nkmDhBo.png',27);
INSERT INTO reg_issuepic VALUES(31,'issues/Form_DChoy8K.png',28);
INSERT INTO reg_issuepic VALUES(32,'issues/Form_W3VFwbg.png',29);
INSERT INTO reg_issuepic VALUES(33,'issues/Form_KaEGLUc.png',30);
INSERT INTO reg_issuepic VALUES(34,'issues/Form_ordvjux.png',31);
INSERT INTO reg_issuepic VALUES(36,'issues/Form_ShZmmB8.png',33);
INSERT INTO reg_issuepic VALUES(37,'issues/Form_STVvMsz.png',34);
INSERT INTO reg_issuepic VALUES(38,'issues/Form_OkicZ1X.png',35);
INSERT INTO reg_issuepic VALUES(39,'issues/Form_6E2uPHg.png',36);
INSERT INTO reg_issuepic VALUES(40,'issues/Form_5CeoMxK.png',37);
INSERT INTO reg_issuepic VALUES(41,'issues/Form_Hnb61IT.png',38);
INSERT INTO reg_issuepic VALUES(46,'issues/QRCode_for_Verbesserung_Briefkasten_hS1l6uv.png',39);
INSERT INTO reg_issuepic VALUES(47,'issues/QRCode_for_Vorschläge_zum_3D-Druck_nAyCRLx.png',39);
INSERT INTO reg_issuepic VALUES(48,'issues/Form_eVRgFyX.png',32);
INSERT INTO reg_issuepic VALUES(49,'issues/QRCode_for_Vorschläge_zum_3D-Druck_ASqyWNx.png',40);
INSERT INTO reg_issuepic VALUES(51,'issues/Form_RGlH6P0.png',41);
INSERT INTO reg_issuepic VALUES(52,'issues/Form_WLrNoja.png',42);
INSERT INTO reg_issuepic VALUES(53,'issues/Form_LooRFZd.png',32);
CREATE TABLE IF NOT EXISTS "homeoffice_absencetype" ("id" integer NOT NULL PRIMARY KEY AUTOINCREMENT, "name" varchar(120) NOT NULL, "description" text NOT NULL, "color" varchar(30) NOT NULL);
INSERT INTO homeoffice_absencetype VALUES(1,'H','Homeoffice','#90caf9');
INSERT INTO homeoffice_absencetype VALUES(2,'D','Dienstreise','#80cbc4');
INSERT INTO homeoffice_absencetype VALUES(3,'U','Urlaub','#ffcc80');
INSERT INTO homeoffice_absencetype VALUES(4,'S','Schulung/Lehrgang/Fortbildung','#fff59d');
INSERT INTO homeoffice_absencetype VALUES(5,'K','Krankenheit','#f48fb1');
INSERT INTO homeoffice_absencetype VALUES(6,'GZ','GZ','white');
INSERT INTO homeoffice_absencetype VALUES(7,'AZK','AZK','white');
CREATE TABLE IF NOT EXISTS "homeoffice_employeeabsencegroup" ("id" integer NOT NULL PRIMARY KEY AUTOINCREMENT, "name" varchar(120) NOT NULL, "description" text NOT NULL);
INSERT INTO homeoffice_employeeabsencegroup VALUES(1,'1','Sie arbeiten freitags in ungeraden Wochen');
INSERT INTO homeoffice_employeeabsencegroup VALUES(2,'2','Sie arbeiten freitags in geraden Wochen');
CREATE TABLE IF NOT EXISTS "homeoffice_employeegroup" ("id" integer NOT NULL PRIMARY KEY AUTOINCREMENT, "name" varchar(120) NOT NULL, "description" text NOT NULL);
INSERT INTO homeoffice_employeegroup VALUES(1,'Büro','Büro');
INSERT INTO homeoffice_employeegroup VALUES(2,'Werkstatt','Werkstatt');
CREATE TABLE IF NOT EXISTS "homeoffice_holidaytype" ("id" integer NOT NULL PRIMARY KEY AUTOINCREMENT, "name" varchar(120) NOT NULL, "description" text NOT NULL);
INSERT INTO homeoffice_holidaytype VALUES(1,'Holiday','Regional holiday');
CREATE TABLE IF NOT EXISTS "homeoffice_employee" ("id" integer NOT NULL PRIMARY KEY AUTOINCREMENT, "user_link_id" integer NOT NULL REFERENCES "auth_user" ("id") DEFERRABLE INITIALLY DEFERRED, "employee_group_link_id" bigint NOT NULL REFERENCES "homeoffice_employeegroup" ("id") DEFERRABLE INITIALLY DEFERRED, "employee_absence_group_link_id" bigint NULL REFERENCES "homeoffice_employeeabsencegroup" ("id") DEFERRABLE INITIALLY DEFERRED);
CREATE TABLE IF NOT EXISTS "homeoffice_absenceevent" ("id" integer NOT NULL PRIMARY KEY AUTOINCREMENT, "start_date" date NOT NULL, "end_date" date NOT NULL, "holiday_type" varchar(20) NOT NULL, "day_type" varchar(20) NOT NULL, "comment" varchar(220) NOT NULL, "created" datetime NOT NULL, "absence_type_id" bigint NOT NULL REFERENCES "homeoffice_absencetype" ("id") DEFERRABLE INITIALLY DEFERRED, "created_by_id" integer NOT NULL REFERENCES "auth_user" ("id") DEFERRABLE INITIALLY DEFERRED, "employee_absence_group_link_id" bigint NOT NULL REFERENCES "homeoffice_employeeabsencegroup" ("id") DEFERRABLE INITIALLY DEFERRED, "employee_link_id" bigint NOT NULL REFERENCES "homeoffice_employee" ("id") DEFERRABLE INITIALLY DEFERRED);
DELETE FROM sqlite_sequence;
INSERT INTO sqlite_sequence VALUES('django_migrations',28);
INSERT INTO sqlite_sequence VALUES('django_admin_log',47);
INSERT INTO sqlite_sequence VALUES('django_content_type',16);
INSERT INTO sqlite_sequence VALUES('auth_permission',64);
INSERT INTO sqlite_sequence VALUES('auth_group',8);
INSERT INTO sqlite_sequence VALUES('auth_user',5);
INSERT INTO sqlite_sequence VALUES('reg_issue',42);
INSERT INTO sqlite_sequence VALUES('reg_issuepic',53);
INSERT INTO sqlite_sequence VALUES('reg_issuecomment',45);
INSERT INTO sqlite_sequence VALUES('auth_group_permissions',25);
INSERT INTO sqlite_sequence VALUES('auth_user_groups',6);
INSERT INTO sqlite_sequence VALUES('homeoffice_employeeabsencegroup',2);
INSERT INTO sqlite_sequence VALUES('homeoffice_employeegroup',2);
INSERT INTO sqlite_sequence VALUES('homeoffice_holidaytype',1);
INSERT INTO sqlite_sequence VALUES('homeoffice_absencetype',7);
INSERT INTO sqlite_sequence VALUES('homeoffice_employee',5);
CREATE UNIQUE INDEX "auth_group_permissions_group_id_permission_id_0cd325b0_uniq" ON "auth_group_permissions" ("group_id", "permission_id");
CREATE INDEX "auth_group_permissions_group_id_b120cbf9" ON "auth_group_permissions" ("group_id");
CREATE INDEX "auth_group_permissions_permission_id_84c5c92e" ON "auth_group_permissions" ("permission_id");
CREATE UNIQUE INDEX "auth_user_groups_user_id_group_id_94350c0c_uniq" ON "auth_user_groups" ("user_id", "group_id");
CREATE INDEX "auth_user_groups_user_id_6a12ed8b" ON "auth_user_groups" ("user_id");
CREATE INDEX "auth_user_groups_group_id_97559544" ON "auth_user_groups" ("group_id");
CREATE UNIQUE INDEX "auth_user_user_permissions_user_id_permission_id_14a6b632_uniq" ON "auth_user_user_permissions" ("user_id", "permission_id");
CREATE INDEX "auth_user_user_permissions_user_id_a95ead1b" ON "auth_user_user_permissions" ("user_id");
CREATE INDEX "auth_user_user_permissions_permission_id_1fbb5f2c" ON "auth_user_user_permissions" ("permission_id");
CREATE INDEX "django_admin_log_content_type_id_c4bce8eb" ON "django_admin_log" ("content_type_id");
CREATE INDEX "django_admin_log_user_id_c564eba6" ON "django_admin_log" ("user_id");
CREATE UNIQUE INDEX "django_content_type_app_label_model_76bd3d3b_uniq" ON "django_content_type" ("app_label", "model");
CREATE UNIQUE INDEX "auth_permission_content_type_id_codename_01ab375a_uniq" ON "auth_permission" ("content_type_id", "codename");
CREATE INDEX "auth_permission_content_type_id_2f476e4b" ON "auth_permission" ("content_type_id");
CREATE INDEX "django_session_expire_date_a5c62663" ON "django_session" ("expire_date");
CREATE INDEX "reg_issue_created_by_id_5f081df4" ON "reg_issue" ("created_by_id");
CREATE INDEX "reg_issuecomment_created_by_id_3d4ccd02" ON "reg_issuecomment" ("created_by_id");
CREATE INDEX "reg_issuecomment_issue_id_93aac703" ON "reg_issuecomment" ("issue_id");
CREATE INDEX "reg_issuepic_issue_id_ff9a11cf" ON "reg_issuepic" ("issue_id");
CREATE INDEX "homeoffice_employee_user_link_id_308a054b" ON "homeoffice_employee" ("user_link_id");
CREATE INDEX "homeoffice_employee_employee_group_link_id_8e362c07" ON "homeoffice_employee" ("employee_group_link_id");
CREATE INDEX "homeoffice_employee_employee_absence_group_link_id_82c4240b" ON "homeoffice_employee" ("employee_absence_group_link_id");
CREATE INDEX "homeoffice_absenceevent_absence_type_id_61e2851f" ON "homeoffice_absenceevent" ("absence_type_id");
CREATE INDEX "homeoffice_absenceevent_created_by_id_b0644273" ON "homeoffice_absenceevent" ("created_by_id");
CREATE INDEX "homeoffice_absenceevent_employee_absence_group_link_id_5d78a53f" ON "homeoffice_absenceevent" ("employee_absence_group_link_id");
CREATE INDEX "homeoffice_absenceevent_employee_link_id_3be60b69" ON "homeoffice_absenceevent" ("employee_link_id");
COMMIT;
